{
  "temperature": {
    "mean": 233.78231811523438,
    "std": 32.256797790527344,
    "min": 144.04173278808594,
    "max": 305.0611572265625
  },
  "geopotential": {
    "mean": 46167.99609375,
    "std": 35322.4765625,
    "min": -912.0001831054688,
    "max": 110290.9453125
  },
  "u_component_of_wind": {
    "mean": 9.972091674804688,
    "std": 25.209123611450195,
    "min": -23.393815994262695,
    "max": 168.42860412597656
  },
  "v_component_of_wind": {
    "mean": 8.935738151194528e-05,
    "std": 4.418145656585693,
    "min": -15.433988571166992,
    "max": 16.38190460205078
  }
}